text,primary_emotion
Literally everywhere. There's nothing especially Texan about any of this. I heard all of this in freaking SCONSIN.,disappointment
"[NAME] and [NAME] may be stronger, but [NAME] just gone mad. She's lost the plot for sure.",neutral
Ik I’m crying rn,sadness
"He was cut yesterday, unfortunately",neutral
"Nice, I saw them during the Demo and was pretty impressed ",amusement
Funny you ask,amusement
Minus the eyebrows I personally think it’s an attractive look. But the fucking eyebrows ruin it all.,admiration
[NAME] is 16 and [NAME] is 19... But she's looks 16 as [NAME] 0.0,neutral
J E S U S C H R I S T those eyes,neutral
my heart...,neutral
"Okay, gotcha. Does your wife have a lot of stress and anxiety from her job, or just in general?",neutral
Finally a whole season and 3 jornadas too late.,disappointment
*pounces on you* uwu you’re so warm,surprise
"Higher ranking officer? Also, I'm curious, do MP have authority in scenarios like this?",curiosity
"Wow, kinda lame that if this true, most of us probably don't know about it.",surprise
But he was so *hurt* when [NAME] acknowledged that homosexuality is a sin.,annoyance
"More like the choir isn't here, it's on Instagram",neutral
"Assuming this is true, frankly I'm surprised they were still allowed to have images of the [NAME] in their homes.",neutral
I hope you figure out what to do! It is real shit situation and it is awful what he said to you.,desire
Oh I wish that was how everyone thought. Unfortunately it's not.,realization
And look like big tracts of land.,neutral
It’s good dude I had to have it explained to me I’m just passing on the love,admiration
"Not sure, but if so that is unfortunate. I really liked their cheese bomb deep dish. =[",love
/u/skyboundIan no spoilers in the trailer pretty please :D,neutral
"Sounds like your new chapter has started already, brother. You deserve someone who truly loves you and treats you that way. ",caring
Well she played a damn long game with this 'Publicity Stunt' seeing as it was 10 years ago,annoyance
Usually i am getting games back to back so no standing time for me 😒,annoyance
"I apologize, that sincerely was meant for Askreddit. If you look at my history you'll see that's where I always post. My mistake.",remorse
Demonize - to portray as wicked and threatening. It's not hard to demonize someone when they regularly demonize themselves.,fear
The important thing is that you're having fun,amusement
"Pressing Q everytime garrosh tries to throw someone helps tho, if u wanna play support, play like one, thanks",gratitude
I love [NAME]. He's another great option for 6th man.,admiration
with these comments i thought this was r/vegan for a sec lmao,amusement
Yup. That doesn't contradict what I said- this isn't a derailing conversation that I was starting.,disapproval
Since she ate other food I would guess it is a way of getting around a digestive disorder or carbs.,optimism
Only season 1 of sense 8 is worth watching.,admiration
Really not sure how some of these folks clothe and dress themselves each day.,neutral
"ah thats my bad, she just finished the blog and im sharing it around, one sec and ill edit it. ",sadness
"Oh look even more whinging by a Brexshitter about how its all gonna sort it self out fine, such fantastic info.",admiration
I like how they’re not facing each other.,neutral
Worst father ever award?,disappointment
I don’t think you even know what you are talking about yourself,anger
Love is a drug,neutral
"Depends who's there. If [NAME] is there, I hope that's where they go. If not, I want a pass rusher.",amusement
Bhahahahahahahahah. Right. Your attitude seems pissy.,amusement
Direct democracy is a terrible idea. People are morons who's opinions are easily manipulated.,disgust
"OK it should be 4 week Med Cert then 3 month Med Certs for Jobseeker Support with Medical Deferral, the Doctor can electronically send the forms thru to WINZ. ",neutral
I feel your pain brother. Just had to put down my rescue pup. RIP blaze it for them!,neutral
I like how people are downvoting when this is how so many military coups have happened. I challenge those who downvote to prove me wrong,love
Doesn’t... doesn’t it take more time and work forging a signature and lying than just.. delivering the package at the front door?,neutral
And most ironic. We created the language but people still don’t properly understand us as the mutated the damn thing,anger
Aloha!!,love
That is a very handsome dog.,admiration
This is the kind of winning I love. Winning because [NAME] has 25 and [NAME] has 29,love
Can you explain to me what SW BRT means?,confusion
"I agree: most [NAME] are much better than Prophet [NAME], which directly contradicts [RELIGION] doctrine.",approval
"Just because you would laugh, doesn't mean that the guy in the video would.",neutral
To be fair the lore is so nonexistent other than on Ubi’s site you could probably just pretend that’s the case anyways.,annoyance
I’m offended,anger
Article is good. Not sure how it relates to “carve outs” for law enforcement.,approval
No you wouldn't,disapproval
"I play those characters all of the time and have never, ever experienced this. ",sadness
And even then... It won't be for long.,neutral
I haven’t seen a good repost in a while. Thank OP I’m mean karma whore,gratitude
"middle of lane is dumb that’s where all the oil pools, lane split seems like no one likes it but that’s more understandable",neutral
Are you ghosting?,annoyance
"[NAME], now i’m graduated trying to pay off my student loans",approval
"Oh come on, can you just enjoy the damn picture?",annoyance
"He is already 19, turns 20 in July I think",confusion
REBOOT FIREFLY!,neutral
Tanks being strong is the reason why ADCs get buffed.,admiration
you guys are mean lol. teacher said talk to a forum if there's no existing church. thanks anyways,amusement
Yea man! Why does it always run out faster than shampoo from the same sized bottle?!,confusion
Lmao that's a funny coincidence,joy
Was she prepared to throw the gun?,confusion
"Yeah, it's pretty funny how incapable most of them are of actual satire and subtlety.",admiration
And AI will somehow be magically more disruptive than the industrial revolution. Because... reasons.,neutral
"Lol. I'm gonna try this with my wife. As I always have to tell myself: ""Don't 'should' on yourself.""",approval
Is this him?,curiosity
Our knight in shining armor. I'll miss those high socks,joy
I love her,love
Eh happiness is just a fleeting fish in an ocean of emotion. You can catch it a few times but dont expect to live off it.,neutral
"Well, since everything in Australia wants to kill you, I'd say it is quite healthy to be afraid of Australian spiders, and other flora and fauna ",approval
Found the apologist.,neutral
> since every character with a shield gets one Except Glad,neutral
By [NAME]! That’s [NAME] music!,realization
"Same thing happened to me but for my dog, stocking up on noodles tomorrow to get through the next month. ",surprise
Love your /u/ so much.,love
Everyone wants bama! I repeat everyone wants bama!,desire
Probably it is a lot less memorable for those rich guys since they eat this type of stuff so often it stops being a special experience altogether.,neutral
"Hate the taste, switched to a plastic nalgene bottle",anger
Cheers. Never heard of any of them. Kids will do that to you...,caring
I only read the first sentence then came to comments to confirm that something about the author would be the most upvoted comment.,approval
It's also the only title that doesn't have to be defended. Convenient that.,neutral
There is a startling lack of empathy in this thread.,neutral
"Sorry, wrong comment train. Just gonna sneak right by ya there.",embarrassment
I would say you’ll be fine just drink water and maybe run/sweat a few times before your drug test!,approval
Just walk ahead of everyone and be the leader,neutral
She’s clearly hanging at least part way into the space. She’s so dumb,annoyance
I just wished they took [NAME] with them.,approval
"Yeah, but geology doesn’t provide enough pumped hydro. Not enough places to do it.",realization
"That's what I say, but the commercial is clearly pandering.",disapproval
You're welcome! I wish her the best.,caring
Sonic boom is funny as hell. I love the writing so much.,love
Well they do say they love kids just helping create more,neutral
"This may be overreacting, but I would not touch those presents. There could be a bomb in them. ",neutral
mind = blown,admiration
"[NAME] was useless, aside from bandaging [NAME] up a bit more than she already did and treating [NAME], name one decision [NAME] has made smartly. ",neutral
"As long as the ink isn’t on a contract, I don’t listen to any rumors. Waste of time",approval
That was the last straw! So no~,neutral
Same thing with Urgot mid. It looks absolutely trash even in LCK.,anger
"Bam, it's suddenly fixed! Thanks that was great. This is all happening in Bizarro World.",gratitude
"Man I'm sad, he was my favorite [NAME] when he left ([NAME] heir apparent) and I was ecstatic when he returned",love
Sour Tangie!,neutral
"Strongly agree, [NAME] and [NAME] have been outplaying him for about a month. He's about dead even with [NAME] right now too.",neutral
"I think the hulk could do all of that at once, and fold the wrench with his finger tips",optimism
"Wow. I have to say, I am relieved. Pretty incredible idea.",excitement
"Search your feelings, you know it to be true",approval
I really love how this team responds to injuries,love
Athletes in the making. Can't wait to see them playing professionally.,desire
good luck buddy,optimism
So does he want to go back to being hunters and gatherers? How can humanity improve with no governments.,confusion
"Thanks! Very cool. It was a marriage gift, so that explains some of it. :)",admiration
SOMEONE GETS IT,anger
"That's called lust, and is completely normal. Just dont get obsessive and do things to keep you busy and dont be afraid of them feelings ",caring
She’s fab but the reflection of that guy in the window got me curious tho,curiosity
Fuck the HRC,anger
So wtf can I do then ? All the killers I was good with I suck with now and ruin is cleansed way too damn fast anymore .,neutral
Well dayum that was cool.,admiration
[NAME] is such a pretty lady. I'm jealous of those huge eyes!,admiration
Good job ignoring [NAME].,admiration
I'm not sure honestly. I think there's a fanmade audiobook but I've heard it's pretty bad. Sorry.,disapproval
Wow that’s actually a great idea lmao,admiration
"Wow, after the past 2 seasons that seems like it was like 6 years ago.",excitement
Flattened odds make it not matter nearly as much,disappointment
My home equity rose 120k in the 3 years since i bought it. Just saying,approval
Short but sweet,neutral
This reminds me of The Boy in the Striped Pyjamas!,realization
"Its not that they don’t know how, it is that they just don’t care. “Someone else will get it”",annoyance
He... he had someone take that picture for him.,neutral
It's some freaky stuff for sure!! How legitimate do you speculate the experiments are?,annoyance
Too cute for me. Why cant i have a boyfriend *[NAME]*,neutral
Would love for us to go to [NAME] and give them Tammy for peanuts with a buyback,excitement
Holy shit I was so anxious reading this. I’m so sorry,curiosity
Not gonna lie sometimes I crave meatloaf...,neutral
no do not destroy [NAME] pope and glorius god emperor will cry :((((,sadness
Seriously. OP needs to get their shit together.,anger
"Well, shrinking of your d could be a motivation to quit porn.",optimism
Da’ts a beauty. Got sniped at auction with seconds left to lose [NAME] from this summer.,admiration
Lol well now you have even more in common! So happy to help and hope you can smile a bit before you zzzzzzz. :-),joy
"[NAME] is so pathetic, 40 year old man jealous of a 26 year old DJ",sadness
"I thought that too, just work hard you’ll get there ",admiration
"I totally agree with you, I just wish she hadn't tossed his sweater away :(",approval
This is my fiancé and I hate it,anger
Not necessarily. Simply giving both of them the legal right to choose to *not* be a parent would create equality within the constraints of biology.,disapproval
Not that I fully disagree but this seems a lot more like a rant that you want people to back you up on rather than a genuine question.,disapproval
Where was this claim that they were the rightful owners of the fiat currency? I'm guessing that did not hold up in court..,neutral
"She probably just said it because it rhymes, sorry Op",confusion
Wait so I shouldn't try to sell my shavers by telling my customers that they aren't good enough and could do better? Damn.,disappointment
This was a clever post. I also unsubscribed.,admiration
I think this is my favourite story of the year so far.,love
Catch him in the act. SPIDER-MAN WITH HIS HANDS IN A COOKIE JAR.,desire
Phoenix and Orlando are teams I hear sniffing around [NAME] in free agency. Both make sense.,approval
"It sounds like that's what you've been doing, and Id assume any further reaching out would be treated like your previous reach outs.",approval
"I hate that attitude, as if it's every woman's, purpose, dream, and personal duty to reproduce.",annoyance
Get back on your meds mate..You aren't funny at all...,annoyance
I'm always paranoid of people following me when I am driving home. I would have pooed my pants yikes.,disgust
"As much as I would love this kind of support, I had beef with people over EVERYTHING",approval
"Go your own way, loser. ",caring
I wouldn’t expect anything less than those deplorable traitorous trumptards.,anger
It was a poor choice of words.,disapproval
"Still love you [NAME], get well soon :'(",caring
It's actually just the [NAME] they hate. [NAME] is just their current object of scorn,remorse
Cry some more,neutral
"Excellent game tonight, let's get a new win streak going on this road trip!",excitement
"Doubt is an integral part of faith. Dont worry, it will help you in the long run",caring
I used the term very loosely!,neutral
These 2 are repulsive little kids,approval
Alright cool thanks for the tip - I'll give it a try!,gratitude
"Oscars are trying to be more hip and contemporary now, so don't be surprised if [NAME] and [NAME] win. ",surprise
Did you see on ig where HER MAN offered a fake [NAME] profile use of his pj 😂😂,curiosity
I have a friend that had a stroke that left her paralyzed. Could this treatment be used inside her brain to recover the dead cells?,neutral
That's interesting,excitement
Wine with egg & FISH??? GROSS!!!,neutral
Edited to “voters” that’s what I meant but I was getting a haircut and a little distracted.,neutral
Which state? It's actually quite rare.,neutral
Makes sense. Thanks for the rational and respectful comment,gratitude
Even if it’s available 24/7 on your new website 99% of it is ugly so people still won’t buy it.,anger
"Life will always get better regardless of ones situation or condition or whatever, life will indeed get better. It might take a while but it will. ",optimism
"Deluxe always need ingest people, there's also fairly regular openings for media operators.",neutral
[NAME]? Never heard that word before haha. Well her parents seem very easy going and happy people but lets see when i actually meet them.,neutral
That's the worst possible outcome,disappointment
I am so excited for tonight's episode! It's barely even started *_*,excitement
SWTOR is horrible when you want to play together with someone. So many parts that you can't join in on.,annoyance
"No, but ever age, build or height does that have that problem. Think about it...I may have expiriences something like that...",neutral
Yeah I was talking about a pug right there.,approval
"Not sure about OP, but caffeine tends to make many people more anxious (especially those with a co-morbid anxiety disorder(s)).",fear
I haven't seen a single [NAME] article. But there have been a few [NAME] articles around recently.,realization
"Oh, the boat was already on its way out lol",surprise
"Omg that sounds like a really intense experience, how'd you save yourself after the feeling of intense happiness? ",excitement
I don’t understand why people give gold to crossposts. You deserve all the upvotes.,admiration
What are the Ajax players complaining about?,curiosity
Am I the only one who thinks these Instagram poses girls do are so freaking cheesy,surprise
Someone who will probably harass you for not having as much money as him.,neutral
I'm just happy I have the Pen to watch and listen too when the Steelers are on the brink of collapsing...PLUS no locker room drama...,joy
Woah that’s comforting.,neutral
I spent the entire time trying not to yell at the TV. [NAME] and [NAME] can fuck right off.,anger
agree with the messaging but such a cringe video,approval
I know. Idk what to say after they say they already have one. I say oh good! And then it's awkward,embarrassment
Idk that looks like adobe gains to me..,approval
"Oh my gosh, my Dodger blue heart goes out to yours and your family. I am so sorry.",sadness
"Yeah, look at the publicity for just that. ",neutral
"They started seeling alcohol a while ago, when she called her mafia friend to get help for the speakeasy.",neutral
I like this post a lot.,approval
"Thanks for clarifying, was definitely originally taught wrong then. 🙃",gratitude
Liverpool FC is valued at US$1.9b haha.,neutral
What do you mean? They're doing a huey too.,neutral
Why does everyone insist on trying to do this? Just open the [NAME] damn bottle with your thumb like a decent human being.,curiosity
Or you could literally walk down amy street and see any ugly guy with a girl..,neutral
??? Like a duck on a June bug?,curiosity
That was awesome!,admiration
"lol, this is so much me, I'm actually loling and not just typing it. :D",amusement
"[NAME] today is great, when he plays like this he is a rly good player",admiration
it's just a gamer word bro way to disrespect gamer culture smh my head,neutral
I don't believe you,annoyance
I kind of think if you spell dissuade diswayd you lose any benefit of the doubt.,disapproval
"I mean if it was crowded or rush hour I understand, but I don't see that much an issue if its empty like this..",approval
"Wow, so he was pulling his own little mini [NAME] scam. Explains why he couldn't use your reporting tool.",joy
"Just out of curiosity, what age group are you? Your boyfriend seems real decent nut the scenario sounds like teenagers I'm confused!",confusion
"That's fine. I'm searching for the truth, not just the legal truth. To each their own. ",neutral
Do people like you think tunneling is easy or something? just grab a shovel and start digging? is that all you think there is to it?,annoyance
Tsunderes never work,annoyance
"I'm so sorry about your friends [NAME], I'm sending good thoughts to you and your friend. ",caring
"Yeah, hah. ",approval
"There is never, EVER, a point of return. Please it give it time. There is a whole world out there.",gratitude
Sorry for the stupid question but what's the Overton window? Still new to politics/jargon.,neutral
Hahaha dude that was *so* well put,amusement
"Huge, huge internet hugs. My heart broke for you reading this. I'm so sorry you had to go through this. ",remorse
At least the bike was lighter than you ... poor cr50,realization
"Ok but you're still arguing against specific religions not the existence of some type of [NAME], which it almost sounds like you admit could exist",neutral
"The fact that you are questioning it, makes it even more worrysome. ",pride
"Right, we don't know for certain. It was just what I've heard. We'll have to wait until we can test it.",optimism
Hey it's really green here right now thanks to the last few rainy months!,gratitude
Just like a marvel movie then!,admiration
Her question was theology actually. I wasn't even answering about the rape at all.,neutral
Let's watch impractical jokers!,neutral
It's probably easier when they're stuck on an island,approval
Is there any way you and your partner could borrow more money for college and live on/near campus?,curiosity
"This reminds me to take a before picture. I'm losing 5 kg of beer gut before May, got to fit into that dress. ",approval
only suckers believe this don't be a sucker,anger
That’s not how roundabouts work. You give way to approaching traffic on your right. Doesn’t matter if they haven’t entered yet.,neutral
"You mean Ichigo/Nero/Black Ranger/I'm a Frog. Did not know that [NAME] voiced [NAME], but it does exsplain why he sounded so familiar.",surprise
Yeah I know day of the dead is real thing but they way [NAME] portrayed it was so much better than anything I've seen,admiration
Is it weird if I said I forgot how brutal things could get? Like what happened to [NAME] oh my-I was appalled.,annoyance
Oh no I was laughing at that master trolling. that's like 20 years of buildup,amusement
Oh fuck off already.,anger
Rash sun [NAME] dropping out of the first round?,curiosity
PUT ON THE GLASSES,neutral
ugh. I love guild wars 2 but it has the weirdest god damn community and management dynamic of any mmo.,embarrassment
"Oh goody, another idiot trying to tell other people what we believe. You are trolling, end of fact.",neutral
"Yah, I'm a bad girl. In fact I'm bad at everything.",admiration
This is a very long story about nothing,approval
Subscribed! I love it.,admiration
Homing pigeons make the best SOs,neutral
Team Arrow getting stalked and sent threatening notes Also I'm :( for the [NAME] part.,disappointment
The guy that waived a future hall of famer. Hard to get away from that decision.,sadness
"I feel like that's what they both deserve, though. Thank you for the support <3",gratitude
"Given the horses ass you lot made of the last one, I think it’s best to put this idea on the back burner.",neutral
Everything's broken then. It's not like all other discourse is high minded and unemotional.,disappointment
[NAME] is a nut; he has a rubber butt!,neutral
The difference between the two to the right is quite massive.,neutral
He's just logged off and I can't wait for you to see the final number.,curiosity
"The projectiles are 1L bottles, so more cylinders than spheres. Does it make any difference? ",neutral
Fair enough. Taking a break can be good. I wish you the best of luck.,approval
Will quickly be removed from lobby screen but the game mode selection button will keep the annoying warning/advert.,neutral
What do you do for work?,curiosity
Ok for what it is fake or not this is fucking hilarious lmao,amusement
"Damn some of these are so cringy that i almost downvote them, but realize that they are suppose to be terrible.",approval
Love this! Love you! Thanks for sharing!,gratitude
When you've been to 9 in the past 20 years its kinda hard to stiil get excited . Its our week 17.,neutral
Thank you. I found out I can return it since they made it heavier than I ordered.,confusion
I thought he was #25?,neutral
"I would feel similarly, but I would be more gleeful and less guilty. ",nervousness
"All those empty seats smh. Imagine paying $300+ just to see the Rangers get slaughtered at home. And yet, I still want more goals haha.",amusement
"Wait, you never mentioned boy's soul was on the menu.",neutral
"The only ignorant person here is you, and the Pope who makes the same baseless claims as you.",neutral
Wimbledon’s instagram posted about [NAME] and his relationship with the Open and I ended up crying. Not ready for him to hang it up,grief
[NAME] has made a career out of making strange films.,neutral
"Damn, this hits close to home. Reddit is literally the only place where i can talk about personal stuff without being judged",annoyance
"Thanks for not responding to my comment like this, it just shows even more that you are a troll.",gratitude
"""there should not be capitol and a period on you previous"" yeah ok bud also, instramentals btw ",neutral
Hope so but deadshot was her man too bad they had to kill him smh,desire
Food stamps are a disgrace. People should get money!,disapproval
I agree with this,approval
Yeah Q was bad card I was just bloating the pot. I definitely feel this is one of the worst hands I’ve played.,approval
[NAME] earned it I think. He was godlike at world's. But [NAME] is the absolute worst S+ on this list.,approval
"There are assholes who think that these are ""their trails"" and do this sort of thing.",disgust
You're naive if you think they won't balance it out somehow in the future.,neutral
I’m not really serious I just think it’s kind of funny,amusement
"Haha, small world, I live/work in the Twin Cities already! 😂",neutral
